"Run","Assay.Type","AvgSpotLen","Bases","BioProject","BioSample","Bytes","Center.Name","Consent","DATASTORE.filetype","DATASTORE.provider","DATASTORE.region","Experiment","genotype","GEO_Accession..exp.","Instrument","LibraryLayout","LibrarySelection","LibrarySource","Organism","oxygen_exposure","Platform","ReleaseDate","create_date","version","Sample.Name","source_name","SRA.Study","Group"
"SRR13712621","RNA-Seq",150,3167349300,"PRJNA701955","SAMN17918248",1386229713,"GEO","public","fastq,run.zq,sra","gs,ncbi,s3","gs.us-east1,ncbi.public,s3.us-east-1","SRX10101405","N2","GSM5082541","Illumina HiSeq 2500","PAIRED","cDNA","TRANSCRIPTOMIC","Caenorhabditis elegans","21%","ILLUMINA","2022-03-19T00:00:00Z","2021-02-15T16:18:00Z",1,"GSM5082541","whole worm RNA","SRP306473","control"
"SRR13712622","RNA-Seq",150,3607410750,"PRJNA701955","SAMN17918275",1601125714,"GEO","public","fastq,run.zq,sra","gs,ncbi,s3","gs.us-east1,ncbi.public,s3.us-east-1","SRX10101406","N2","GSM5082542","Illumina HiSeq 2500","PAIRED","cDNA","TRANSCRIPTOMIC","Caenorhabditis elegans","21%","ILLUMINA","2022-03-19T00:00:00Z","2021-02-15T16:17:00Z",1,"GSM5082542","whole worm RNA","SRP306473","control"
"SRR13712623","RNA-Seq",150,3218208150,"PRJNA701955","SAMN17918256",1524556495,"GEO","public","fastq,run.zq,sra","gs,ncbi,s3","gs.us-east1,ncbi.public,s3.us-east-1","SRX10101407","N2","GSM5082543","Illumina HiSeq 2500","PAIRED","cDNA","TRANSCRIPTOMIC","Caenorhabditis elegans","21%","ILLUMINA","2022-03-19T00:00:00Z","2021-02-15T16:15:00Z",1,"GSM5082543","whole worm RNA","SRP306473","control"
"SRR13712624","RNA-Seq",150,3216663600,"PRJNA701955","SAMN17918255",1437477291,"GEO","public","fastq,run.zq,sra","gs,ncbi,s3","gs.us-east1,ncbi.public,s3.us-east-1","SRX10101408","N2","GSM5082544","Illumina HiSeq 2500","PAIRED","cDNA","TRANSCRIPTOMIC","Caenorhabditis elegans","0.50%","ILLUMINA","2022-03-19T00:00:00Z","2021-02-15T16:17:00Z",1,"GSM5082544","whole worm RNA","SRP306473","hypoxia"
"SRR13712625","RNA-Seq",150,4274440350,"PRJNA701955","SAMN17918254",2007454408,"GEO","public","fastq,run.zq,sra","gs,ncbi,s3","gs.us-east1,ncbi.public,s3.us-east-1","SRX10101409","N2","GSM5082545","Illumina HiSeq 2500","PAIRED","cDNA","TRANSCRIPTOMIC","Caenorhabditis elegans","0.50%","ILLUMINA","2022-03-19T00:00:00Z","2021-02-15T16:18:00Z",1,"GSM5082545","whole worm RNA","SRP306473","hypoxia"
"SRR13712626","RNA-Seq",150,4182784200,"PRJNA701955","SAMN17918253",1978811262,"GEO","public","fastq,run.zq,sra","gs,ncbi,s3","gs.us-east1,ncbi.public,s3.us-east-1","SRX10101410","N2","GSM5082546","Illumina HiSeq 2500","PAIRED","cDNA","TRANSCRIPTOMIC","Caenorhabditis elegans","0.50%","ILLUMINA","2022-03-19T00:00:00Z","2021-02-15T16:21:00Z",1,"GSM5082546","whole worm RNA","SRP306473","hypoxia"
"SRR13712627","RNA-Seq",150,3322884750,"PRJNA701955","SAMN17918252",1480256740,"GEO","public","fastq,run.zq,sra","gs,ncbi,s3","gs.us-east1,ncbi.public,s3.us-east-1","SRX10101411","nhr-49(nr2041)","GSM5082547","Illumina HiSeq 2500","PAIRED","cDNA","TRANSCRIPTOMIC","Caenorhabditis elegans","21%","ILLUMINA","2022-03-19T00:00:00Z","2021-02-15T16:19:00Z",1,"GSM5082547","whole worm RNA","SRP306473","control"
"SRR13712628","RNA-Seq",150,3462175950,"PRJNA701955","SAMN17918251",1531208423,"GEO","public","fastq,run.zq,sra","gs,ncbi,s3","gs.us-east1,ncbi.public,s3.us-east-1","SRX10101412","nhr-49(nr2041)","GSM5082548","Illumina HiSeq 2500","PAIRED","cDNA","TRANSCRIPTOMIC","Caenorhabditis elegans","21%","ILLUMINA","2022-03-19T00:00:00Z","2021-02-15T16:23:00Z",1,"GSM5082548","whole worm RNA","SRP306473","control"
"SRR13712629","RNA-Seq",150,3361428300,"PRJNA701955","SAMN17918250",1590385699,"GEO","public","fastq,run.zq,sra","gs,ncbi,s3","gs.us-east1,ncbi.public,s3.us-east-1","SRX10101413","nhr-49(nr2041)","GSM5082549","Illumina HiSeq 2500","PAIRED","cDNA","TRANSCRIPTOMIC","Caenorhabditis elegans","21%","ILLUMINA","2022-03-19T00:00:00Z","2021-02-15T16:15:00Z",1,"GSM5082549","whole worm RNA","SRP306473","control"
"SRR13712630","RNA-Seq",150,3258398250,"PRJNA701955","SAMN17918249",1445268287,"GEO","public","fastq,run.zq,sra","gs,ncbi,s3","gs.us-east1,ncbi.public,s3.us-east-1","SRX10101414","nhr-49(nr2041)","GSM5082550","Illumina HiSeq 2500","PAIRED","cDNA","TRANSCRIPTOMIC","Caenorhabditis elegans","0.50%","ILLUMINA","2022-03-19T00:00:00Z","2021-02-15T16:15:00Z",1,"GSM5082550","whole worm RNA","SRP306473","hypoxia"
"SRR13712631","RNA-Seq",150,3791799600,"PRJNA701955","SAMN17918274",1833137544,"GEO","public","fastq,run.zq,sra","gs,ncbi,s3","gs.us-east1,ncbi.public,s3.us-east-1","SRX10101415","nhr-49(nr2041)","GSM5082551","Illumina HiSeq 2500","PAIRED","cDNA","TRANSCRIPTOMIC","Caenorhabditis elegans","0.50%","ILLUMINA","2022-03-19T00:00:00Z","2021-02-15T16:18:00Z",1,"GSM5082551","whole worm RNA","SRP306473","hypoxia"
"SRR13712632","RNA-Seq",150,4457332650,"PRJNA701955","SAMN17918271",2085786344,"GEO","public","fastq,run.zq,sra","gs,ncbi,s3","gs.us-east1,ncbi.public,s3.us-east-1","SRX10101416","nhr-49(nr2041)","GSM5082552","Illumina HiSeq 2500","PAIRED","cDNA","TRANSCRIPTOMIC","Caenorhabditis elegans","0.50%","ILLUMINA","2022-03-19T00:00:00Z","2021-02-15T16:17:00Z",1,"GSM5082552","whole worm RNA","SRP306473","hypoxia"
"SRR13712633","RNA-Seq",150,3526133550,"PRJNA701955","SAMN17918270",1550874750,"GEO","public","fastq,run.zq,sra","gs,ncbi,s3","gs.us-east1,ncbi.public,s3.us-east-1","SRX10101417","hif-1(ia4)","GSM5082553","Illumina HiSeq 2500","PAIRED","cDNA","TRANSCRIPTOMIC","Caenorhabditis elegans","21%","ILLUMINA","2022-03-19T00:00:00Z","2021-02-15T16:16:00Z",1,"GSM5082553","whole worm RNA","SRP306473","control"
"SRR13712634","RNA-Seq",150,3089407350,"PRJNA701955","SAMN17918269",1357897410,"GEO","public","fastq,run.zq,sra","gs,ncbi,s3","gs.us-east1,ncbi.public,s3.us-east-1","SRX10101418","hif-1(ia4)","GSM5082554","Illumina HiSeq 2500","PAIRED","cDNA","TRANSCRIPTOMIC","Caenorhabditis elegans","21%","ILLUMINA","2022-03-19T00:00:00Z","2021-02-15T16:19:00Z",1,"GSM5082554","whole worm RNA","SRP306473","control"
"SRR13712635","RNA-Seq",150,4217211750,"PRJNA701955","SAMN17918273",1991692258,"GEO","public","fastq,run.zq,sra","gs,ncbi,s3","gs.us-east1,ncbi.public,s3.us-east-1","SRX10101419","hif-1(ia4)","GSM5082555","Illumina HiSeq 2500","PAIRED","cDNA","TRANSCRIPTOMIC","Caenorhabditis elegans","21%","ILLUMINA","2022-03-19T00:00:00Z","2021-02-15T16:21:00Z",1,"GSM5082555","whole worm RNA","SRP306473","control"
"SRR13712636","RNA-Seq",150,3290983950,"PRJNA701955","SAMN17918272",1442953133,"GEO","public","fastq,run.zq,sra","gs,ncbi,s3","gs.us-east1,ncbi.public,s3.us-east-1","SRX10101420","hif-1(ia4)","GSM5082556","Illumina HiSeq 2500","PAIRED","cDNA","TRANSCRIPTOMIC","Caenorhabditis elegans","0.50%","ILLUMINA","2022-03-19T00:00:00Z","2021-02-15T16:16:00Z",1,"GSM5082556","whole worm RNA","SRP306473","hypoxia"
"SRR13712637","RNA-Seq",150,1300516800,"PRJNA701955","SAMN17918268",613586166,"GEO","public","fastq,run.zq,sra","gs,ncbi,s3","gs.us-east1,ncbi.public,s3.us-east-1","SRX10101421","hif-1(ia4)","GSM5082557","Illumina HiSeq 2500","PAIRED","cDNA","TRANSCRIPTOMIC","Caenorhabditis elegans","0.50%","ILLUMINA","2022-03-19T00:00:00Z","2021-02-15T16:12:00Z",1,"GSM5082557","whole worm RNA","SRP306473","hypoxia"
"SRR13712638","RNA-Seq",150,3782069250,"PRJNA701955","SAMN17918267",1793609424,"GEO","public","fastq,run.zq,sra","gs,ncbi,s3","gs.us-east1,ncbi.public,s3.us-east-1","SRX10101422","hif-1(ia4)","GSM5082558","Illumina HiSeq 2500","PAIRED","cDNA","TRANSCRIPTOMIC","Caenorhabditis elegans","0.50%","ILLUMINA","2022-03-19T00:00:00Z","2021-02-15T16:16:00Z",1,"GSM5082558","whole worm RNA","SRP306473","hypoxia"
